Name,Email,Phone,Age,City,Total Orders,Total Spent,Last Order Date,Tags
"Meera Deshmukh","meera.deshmukh0@example.com","9840711814",55,"Chandigarh",9,5643,"2026-03-06","electronics, vip"
"Rohan Gupta","rohan.gupta1@example.com","9690533769",46,"Jaipur",9,10278,"2026-06-01","vip"
"Priya Rao","priya.rao2@example.com","9755373265",35,"Chennai",17,17850,"2026-03-25","loyal, churn-risk, young"
"Sai Gupta","sai.gupta3@example.com","9608077973",55,"Chennai",8,8592,"2026-04-30","loyal, frequent"
"Siddharth Sharma","siddharth.sharma4@example.com","9526849768",25,"Mumbai",47,80699,"2026-03-22","loyal"
"Kabir Joshi","kabir.joshi5@example.com","9142895697",42,"Ahmedabad",28,58940,"2026-06-06","loyal, vip"
"Priya Joshi","priya.joshi6@example.com","9540559533",43,"Mumbai",36,76644,"2026-04-05","frequent"
"Lalit Verma","lalit.verma7@example.com","9156083017",30,"Bangalore",12,25860,"2026-06-03","electronics, vip, grocery"
"Aditya Singh","aditya.singh8@example.com","9932572570",30,"Jaipur",16,21792,"2026-05-04","inactive"
"Lalit Joshi","lalit.joshi9@example.com","9812326878",43,"Pune",45,30015,"2026-03-04","grocery, deal-hunter"
"Sai Bhat","sai.bhat10@example.com","9119253861",38,"Bangalore",27,15390,"2026-06-14","apparel, loyal"
"Deepika Verma","deepika.verma11@example.com","9585118813",23,"Kolkata",9,5364,"2026-04-14","apparel, frequent"
"Sneha Joshi","sneha.joshi12@example.com","9310807398",24,"Delhi",30,46050,"2026-04-11","grocery"
"Siddharth Desai","siddharth.desai13@example.com","9194812199",24,"Kolkata",38,82878,"2026-04-21","frequent, electronics"
"Rohan Bhat","rohan.bhat14@example.com","9241557410",45,"Hyderabad",9,19269,"2026-03-01","inactive"
"Sneha Verma","sneha.verma15@example.com","9488182136",39,"Delhi",14,21966,"2026-03-29","churn-risk"
"Meera Gupta","meera.gupta16@example.com","9128532995",47,"Chandigarh",18,28062,"2026-05-13","loyal, young"
"Deepika Kapoor","deepika.kapoor17@example.com","9299321069",23,"Ahmedabad",7,13503,"2026-04-14","young, electronics"
"Shreya Reddy","shreya.reddy18@example.com","9210206557",36,"Chennai",7,14231,"2026-05-19","churn-risk, electronics"
"Sai Sharma","sai.sharma19@example.com","9316382178",18,"Delhi",28,55412,"2026-05-19","inactive"
"Isha Kapoor","isha.kapoor20@example.com","9570953932",27,"Chennai",46,37950,"2026-02-16","inactive"
"Meera Gupta","meera.gupta21@example.com","9724521090",23,"Hyderabad",17,24684,"2026-04-04","electronics, deal-hunter"
"Rohan Bhat","rohan.bhat22@example.com","9861462116",31,"Ahmedabad",5,5245,"2026-02-24","young, deal-hunter"
"Rohan Singh","rohan.singh23@example.com","9181564311",22,"Chennai",32,43968,"2026-03-03","inactive, apparel"
"Lalit Kapoor","lalit.kapoor24@example.com","9732929729",32,"Bangalore",2,1634,"2026-03-13","frequent, young"
"Shreya Kumar","shreya.kumar25@example.com","9990345461",26,"Jaipur",15,21690,"2026-05-19","churn-risk, apparel"
"Lalit Reddy","lalit.reddy26@example.com","9276113046",23,"Surat",28,58884,"2026-03-31","young, deal-hunter"
"Sai Kapoor","sai.kapoor27@example.com","9548999808",36,"Kolkata",22,45936,"2026-03-25","churn-risk, grocery"
"Sai Menon","sai.menon28@example.com","9867521732",31,"Kolkata",49,45080,"2026-03-22","apparel, young"
"Arjun Gupta","arjun.gupta29@example.com","9772318095",44,"Chennai",2,2188,"2026-02-21","grocery, loyal"
"Aarav Sharma","aarav.sharma30@example.com","9891295529",51,"Hyderabad",42,40866,"2026-05-11","churn-risk"
"Siddharth Sharma","siddharth.sharma31@example.com","9413421390",40,"Kolkata",16,12912,"2026-04-20","deal-hunter, frequent, vip"
"Riya Sharma","riya.sharma32@example.com","9328359408",34,"Surat",29,66004,"2026-05-10","apparel, loyal"
"Sneha Kapoor","sneha.kapoor33@example.com","9950387603",37,"Chandigarh",21,26061,"2026-06-13","deal-hunter, grocery, frequent"
"Lalit Verma","lalit.verma34@example.com","9379298508",34,"Jaipur",46,31786,"2026-02-27","churn-risk, frequent"
"Aarav Kumar","aarav.kumar35@example.com","9443037549",52,"Kolkata",36,53460,"2026-04-08","churn-risk"
"Kabir Singh","kabir.singh36@example.com","9336863239",33,"Jaipur",45,82845,"2026-04-22","churn-risk, grocery, apparel"
"Sneha Bhat","sneha.bhat37@example.com","9502646614",49,"Pune",47,65330,"2026-05-09","deal-hunter, inactive"
"Aditya Patel","aditya.patel38@example.com","9129315065",34,"Hyderabad",34,75038,"2026-04-29","deal-hunter"
"Shreya Singh","shreya.singh39@example.com","9855567893",18,"Surat",46,98946,"2026-03-05","apparel, vip"
"Sai Gupta","sai.gupta40@example.com","9255091261",35,"Chandigarh",22,38148,"2026-03-13","deal-hunter, young"
"Shreya Singh","shreya.singh41@example.com","9632533954",24,"Kolkata",4,9592,"2026-06-10","electronics"
"Sneha Desai","sneha.desai42@example.com","9517986555",54,"Pune",1,1859,"2026-04-26","loyal"
"Isha Kapoor","isha.kapoor43@example.com","9469879967",40,"Chandigarh",37,47693,"2026-02-17","loyal, deal-hunter, churn-risk"
"Arjun Singh","arjun.singh44@example.com","9883864086",33,"Bangalore",43,48590,"2026-05-22","grocery"
"Priya Verma","priya.verma45@example.com","9748531131",22,"Jaipur",15,10560,"2026-05-20","vip"
"Aarav Kumar","aarav.kumar46@example.com","9613163203",45,"Mumbai",48,67344,"2026-04-22","frequent, churn-risk, apparel"
"Isha Joshi","isha.joshi47@example.com","9430990216",40,"Jaipur",49,97853,"2026-04-17","electronics, vip, deal-hunter"
"Aditya Kapoor","aditya.kapoor48@example.com","9507416920",34,"Hyderabad",24,40944,"2026-05-06","electronics, grocery"
"Siddharth Deshmukh","siddharth.deshmukh49@example.com","9615533238",37,"Pune",26,59072,"2026-03-25","churn-risk, frequent"
"Kabir Verma","kabir.verma50@example.com","9162450965",30,"Hyderabad",0,0,"2026-05-25","deal-hunter, electronics"
"Rohan Patel","rohan.patel51@example.com","9706230297",27,"Jaipur",27,48465,"2026-02-24","vip"
"Ananya Sharma","ananya.sharma52@example.com","9598901594",30,"Jaipur",46,32890,"2026-02-22","apparel, loyal"
"Sneha Patel","sneha.patel53@example.com","9171198574",21,"Chandigarh",16,28032,"2026-05-08","churn-risk, vip, inactive"
"Meera Menon","meera.menon54@example.com","9418215694",52,"Hyderabad",45,23130,"2026-05-21","loyal, apparel"
"Sai Bhat","sai.bhat55@example.com","9197088875",18,"Chandigarh",34,34374,"2026-03-28","churn-risk, vip"
"Ananya Deshmukh","ananya.deshmukh56@example.com","9159975650",39,"Ahmedabad",46,104052,"2026-05-28","frequent"
"Sai Rao","sai.rao57@example.com","9532329687",42,"Surat",0,0,"2026-03-10","vip, inactive"
"Rohan Joshi","rohan.joshi58@example.com","9132141440",29,"Delhi",1,1975,"2026-06-01","frequent"
"Arjun Gupta","arjun.gupta59@example.com","9101492743",41,"Mumbai",30,68520,"2026-03-18","young"
"Rohan Singh","rohan.singh60@example.com","9685259061",57,"Mumbai",34,19856,"2026-04-06","electronics"
"Arjun Desai","arjun.desai61@example.com","9233636186",37,"Ahmedabad",39,61464,"2026-06-05","deal-hunter, vip"
"Meera Reddy","meera.reddy62@example.com","9269999777",26,"Delhi",7,13132,"2026-05-03","young, loyal"
"Neha Verma","neha.verma63@example.com","9162793178",57,"Hyderabad",46,40250,"2026-02-23","vip"
"Vihaan Kumar","vihaan.kumar64@example.com","9991392444",27,"Chennai",47,33699,"2026-06-06","apparel"
"Arjun Singh","arjun.singh65@example.com","9894300676",31,"Chennai",11,23925,"2026-05-28","inactive, grocery"
"Rohan Menon","rohan.menon66@example.com","9794668144",48,"Kolkata",10,7960,"2026-06-07","apparel, young"
"Arjun Verma","arjun.verma67@example.com","9550368848",38,"Bangalore",24,27624,"2026-05-28","frequent, apparel, young"
"Vihaan Sharma","vihaan.sharma68@example.com","9673801827",34,"Hyderabad",22,45870,"2026-04-01","electronics, deal-hunter"
"Rohan Patel","rohan.patel69@example.com","9350743521",31,"Hyderabad",37,68302,"2026-03-26","loyal, churn-risk"
"Kabir Verma","kabir.verma70@example.com","9736698344",49,"Chandigarh",25,57250,"2026-02-26","electronics"
"Tanvi Verma","tanvi.verma71@example.com","9404019046",34,"Mumbai",34,46410,"2026-03-06","inactive, grocery"
"Lalit Kapoor","lalit.kapoor72@example.com","9258857823",51,"Delhi",46,27462,"2026-06-14","vip, inactive"
"Lalit Deshmukh","lalit.deshmukh73@example.com","9807374680",44,"Mumbai",36,56808,"2026-04-13","loyal, grocery, electronics"
"Neha Gupta","neha.gupta74@example.com","9405071825",26,"Surat",30,38970,"2026-02-23","churn-risk, young"
"Tanvi Rao","tanvi.rao75@example.com","9328325525",22,"Bangalore",49,98735,"2026-06-02","vip, electronics, churn-risk"
"Siddharth Joshi","siddharth.joshi76@example.com","9898898103",22,"Surat",32,72960,"2026-05-27","deal-hunter"
"Riya Menon","riya.menon77@example.com","9363142302",47,"Kolkata",23,24771,"2026-04-28","churn-risk"
"Siddharth Joshi","siddharth.joshi78@example.com","9907701864",39,"Jaipur",33,68310,"2026-04-01","electronics, deal-hunter"
"Tanvi Rao","tanvi.rao79@example.com","9741969643",38,"Jaipur",7,8722,"2026-03-04","frequent, loyal, inactive"
"Shreya Deshmukh","shreya.deshmukh80@example.com","9245174366",54,"Pune",48,113184,"2026-02-16","apparel, frequent, churn-risk"
"Rohan Singh","rohan.singh81@example.com","9864420845",43,"Hyderabad",22,48268,"2026-02-18","apparel"
"Shreya Verma","shreya.verma82@example.com","9344045720",22,"Chandigarh",48,41760,"2026-06-09","inactive, apparel, deal-hunter"
"Deepika Sharma","deepika.sharma83@example.com","9764078292",45,"Chennai",39,37050,"2026-04-17","deal-hunter"
"Diya Rao","diya.rao84@example.com","9250370843",22,"Kolkata",7,13993,"2026-03-14","inactive"
"Neha Sharma","neha.sharma85@example.com","9932745588",56,"Pune",9,6174,"2026-02-19","churn-risk, electronics, grocery"
"Rohan Singh","rohan.singh86@example.com","9438995543",39,"Jaipur",35,84035,"2026-04-03","electronics"
"Arjun Gupta","arjun.gupta87@example.com","9759522562",28,"Chandigarh",49,91532,"2026-03-15","churn-risk"
"Kabir Joshi","kabir.joshi88@example.com","9357130559",19,"Ahmedabad",7,9086,"2026-02-19","grocery"
"Sai Joshi","sai.joshi89@example.com","9207646972",22,"Chennai",27,54405,"2026-05-13","grocery"
"Rohan Sharma","rohan.sharma90@example.com","9369249591",43,"Pune",3,4437,"2026-03-20","grocery"
"Arjun Verma","arjun.verma91@example.com","9746982924",56,"Chandigarh",0,0,"2026-06-06","grocery"
"Arjun Patel","arjun.patel92@example.com","9555906617",23,"Kolkata",14,31934,"2026-03-30","deal-hunter, vip"
"Meera Verma","meera.verma93@example.com","9758516800",21,"Bangalore",32,66464,"2026-03-19","young, vip"
"Lalit Verma","lalit.verma94@example.com","9303288881",18,"Mumbai",5,10405,"2026-05-10","vip, deal-hunter"
"Neha Sharma","neha.sharma95@example.com","9566070099",48,"Pune",13,23023,"2026-05-31","electronics, young, vip"
"Neha Desai","neha.desai96@example.com","9535379520",35,"Jaipur",2,4044,"2026-05-25","deal-hunter"
"Priya Patel","priya.patel97@example.com","9742660400",38,"Hyderabad",5,7330,"2026-04-08","vip, churn-risk"
"Riya Bhat","riya.bhat98@example.com","9765887551",39,"Jaipur",16,9600,"2026-03-08","deal-hunter, apparel, electronics"
"Priya Reddy","priya.reddy99@example.com","9714975746",38,"Hyderabad",25,51975,"2026-04-10","grocery, deal-hunter, loyal"
"Siddharth Deshmukh","siddharth.deshmukh100@example.com","9287068584",47,"Mumbai",31,39959,"2026-02-28","apparel, inactive"
"Neha Rao","neha.rao101@example.com","9122520906",21,"Pune",7,11130,"2026-05-31","young, vip"
"Meera Sharma","meera.sharma102@example.com","9139602658",25,"Mumbai",0,0,"2026-03-17","apparel"
"Isha Rao","isha.rao103@example.com","9653598879",41,"Pune",13,12792,"2026-06-09","deal-hunter"
"Priya Rao","priya.rao104@example.com","9750021608",35,"Pune",4,3504,"2026-05-10","loyal, apparel"
"Neha Kapoor","neha.kapoor105@example.com","9467106353",42,"Hyderabad",2,1886,"2026-04-18","churn-risk, inactive"
"Aditya Desai","aditya.desai106@example.com","9643447962",50,"Jaipur",14,22960,"2026-02-19","inactive, deal-hunter, vip"
"Lalit Desai","lalit.desai107@example.com","9880803341",36,"Chennai",34,41684,"2026-05-16","vip"
"Rohan Kumar","rohan.kumar108@example.com","9317790039",56,"Jaipur",15,19635,"2026-04-01","churn-risk"
"Tanvi Kumar","tanvi.kumar109@example.com","9999387292",29,"Mumbai",38,48146,"2026-04-01","apparel, deal-hunter"
"Vihaan Reddy","vihaan.reddy110@example.com","9289432114",36,"Pune",30,31740,"2026-02-15","apparel, loyal"
"Ananya Bhat","ananya.bhat111@example.com","9669513236",25,"Chandigarh",9,19557,"2026-04-01","loyal, electronics"
"Neha Patel","neha.patel112@example.com","9180049945",43,"Surat",10,22120,"2026-02-28","young, churn-risk"
"Vihaan Singh","vihaan.singh113@example.com","9549426996",28,"Bangalore",8,5088,"2026-04-13","deal-hunter, inactive"
"Sai Rao","sai.rao114@example.com","9251590684",48,"Kolkata",10,13470,"2026-05-14","inactive"
"Arjun Rao","arjun.rao115@example.com","9115926176",51,"Jaipur",47,26414,"2026-05-08","inactive"
"Shreya Patel","shreya.patel116@example.com","9590466192",48,"Delhi",41,38294,"2026-02-26","young"
"Lalit Reddy","lalit.reddy117@example.com","9998334922",55,"Delhi",32,47616,"2026-04-13","deal-hunter, vip"
"Ananya Patel","ananya.patel118@example.com","9707348983",49,"Chandigarh",33,33957,"2026-02-15","young, churn-risk, vip"
"Aarav Kapoor","aarav.kapoor119@example.com","9533724974",50,"Pune",28,29008,"2026-04-18","vip, young, frequent"
"Arjun Bhat","arjun.bhat120@example.com","9166699229",52,"Delhi",15,36915,"2026-03-25","apparel, loyal"
"Siddharth Joshi","siddharth.joshi121@example.com","9223380306",20,"Kolkata",3,7467,"2026-02-20","inactive"
"Arjun Deshmukh","arjun.deshmukh122@example.com","9194675192",32,"Chennai",46,51888,"2026-05-22","grocery, inactive"
"Vihaan Patel","vihaan.patel123@example.com","9260673674",25,"Jaipur",44,97548,"2026-05-20","frequent, grocery, electronics"
"Aditya Deshmukh","aditya.deshmukh124@example.com","9578364303",57,"Mumbai",0,0,"2026-05-16","electronics"
"Sneha Menon","sneha.menon125@example.com","9935730389",47,"Jaipur",18,9540,"2026-03-25","young, apparel, electronics"
"Aditya Bhat","aditya.bhat126@example.com","9560374601",41,"Ahmedabad",6,5436,"2026-03-19","vip, loyal, inactive"
"Tanvi Deshmukh","tanvi.deshmukh127@example.com","9933244212",46,"Jaipur",41,95981,"2026-03-08","apparel, vip"
"Sneha Gupta","sneha.gupta128@example.com","9482847891",18,"Delhi",28,41160,"2026-04-03","grocery"
"Riya Patel","riya.patel129@example.com","9993080153",32,"Bangalore",8,13112,"2026-04-12","loyal, frequent"
"Siddharth Rao","siddharth.rao130@example.com","9279241728",55,"Kolkata",0,0,"2026-02-23","electronics, frequent, apparel"
"Sai Kapoor","sai.kapoor131@example.com","9127677704",34,"Jaipur",46,29164,"2026-02-23","inactive, loyal"
"Arjun Bhat","arjun.bhat132@example.com","9243345165",37,"Bangalore",8,18504,"2026-04-05","apparel, frequent"
"Rohan Gupta","rohan.gupta133@example.com","9796782730",57,"Delhi",38,73074,"2026-05-22","loyal"
"Priya Kumar","priya.kumar134@example.com","9598029145",47,"Kolkata",27,49518,"2026-04-24","grocery"
"Isha Reddy","isha.reddy135@example.com","9520387179",54,"Surat",38,33364,"2026-05-22","deal-hunter, frequent, electronics"
"Vihaan Patel","vihaan.patel136@example.com","9826576604",56,"Chandigarh",21,29463,"2026-05-11","young, grocery"
"Isha Deshmukh","isha.deshmukh137@example.com","9780460830",19,"Mumbai",30,50220,"2026-04-03","inactive, apparel"
"Priya Kapoor","priya.kapoor138@example.com","9143972282",52,"Bangalore",19,25745,"2026-04-25","young"
"Aditya Bhat","aditya.bhat139@example.com","9174942513",34,"Ahmedabad",4,4128,"2026-04-07","deal-hunter, electronics"
"Arjun Verma","arjun.verma140@example.com","9774859111",19,"Hyderabad",5,8970,"2026-02-21","grocery"
"Lalit Sharma","lalit.sharma141@example.com","9623780951",55,"Pune",22,29810,"2026-03-12","inactive, deal-hunter, loyal"
"Neha Joshi","neha.joshi142@example.com","9886093660",49,"Pune",15,15915,"2026-03-24","frequent, vip"
"Kabir Bhat","kabir.bhat143@example.com","9343260152",22,"Kolkata",36,52056,"2026-05-11","vip"
"Diya Bhat","diya.bhat144@example.com","9605841687",18,"Chennai",2,3856,"2026-04-30","apparel, frequent, grocery"
"Diya Deshmukh","diya.deshmukh145@example.com","9368653039",19,"Surat",18,44712,"2026-05-03","inactive, young"
"Vihaan Gupta","vihaan.gupta146@example.com","9253093043",20,"Pune",22,37268,"2026-04-01","loyal, grocery"
"Riya Kapoor","riya.kapoor147@example.com","9680787048",37,"Delhi",11,16687,"2026-04-02","inactive, frequent"
"Kabir Kapoor","kabir.kapoor148@example.com","9142759661",35,"Chennai",34,62424,"2026-03-25","electronics, churn-risk"
"Kabir Kumar","kabir.kumar149@example.com","9724444863",20,"Hyderabad",17,11322,"2026-03-29","apparel"
"Diya Rao","diya.rao150@example.com","9486111561",33,"Delhi",39,28275,"2026-03-03","grocery, apparel, young"
"Ananya Bhat","ananya.bhat151@example.com","9190239883",55,"Surat",35,18165,"2026-05-22","deal-hunter, young"
"Ananya Reddy","ananya.reddy152@example.com","9296506156",38,"Surat",47,63732,"2026-03-07","inactive"
"Diya Sharma","diya.sharma153@example.com","9845887206",43,"Chennai",47,25239,"2026-06-08","vip, young, inactive"
"Aditya Bhat","aditya.bhat154@example.com","9591418066",36,"Delhi",1,1201,"2026-02-15","deal-hunter"
"Rohan Patel","rohan.patel155@example.com","9992051493",50,"Delhi",33,74547,"2026-04-22","deal-hunter, young, vip"
"Siddharth Sharma","siddharth.sharma156@example.com","9368650806",19,"Ahmedabad",45,42030,"2026-03-05","churn-risk"
"Sneha Deshmukh","sneha.deshmukh157@example.com","9262350806",23,"Kolkata",38,81700,"2026-02-19","deal-hunter"
"Aarav Desai","aarav.desai158@example.com","9190993889",18,"Kolkata",11,9922,"2026-03-18","deal-hunter"
"Shreya Deshmukh","shreya.deshmukh159@example.com","9110297456",43,"Kolkata",39,95667,"2026-04-24","deal-hunter, grocery, churn-risk"
"Kabir Sharma","kabir.sharma160@example.com","9680395268",18,"Pune",11,20966,"2026-06-07","frequent"
"Vihaan Sharma","vihaan.sharma161@example.com","9194673936",28,"Mumbai",16,19072,"2026-03-07","inactive"
"Deepika Verma","deepika.verma162@example.com","9578930853",32,"Pune",43,72283,"2026-05-11","frequent, apparel, loyal"
"Deepika Sharma","deepika.sharma163@example.com","9251616998",25,"Hyderabad",5,5480,"2026-05-08","deal-hunter"
"Shreya Sharma","shreya.sharma164@example.com","9238719556",52,"Pune",33,66660,"2026-04-14","apparel"
"Siddharth Gupta","siddharth.gupta165@example.com","9147041986",47,"Jaipur",4,4600,"2026-02-24","electronics, loyal"
"Rohan Rao","rohan.rao166@example.com","9496283903",23,"Kolkata",18,15732,"2026-02-27","frequent"
"Riya Deshmukh","riya.deshmukh167@example.com","9944116351",50,"Kolkata",22,24772,"2026-02-21","apparel, young"
"Vihaan Gupta","vihaan.gupta168@example.com","9239539394",51,"Surat",46,51750,"2026-03-05","young, electronics, loyal"
"Tanvi Bhat","tanvi.bhat169@example.com","9531640853",27,"Chandigarh",5,11850,"2026-03-21","apparel"
"Aditya Menon","aditya.menon170@example.com","9316575592",55,"Bangalore",40,80960,"2026-03-12","churn-risk, deal-hunter"
"Riya Verma","riya.verma171@example.com","9697039392",53,"Chandigarh",40,81680,"2026-02-16","electronics, frequent"
"Siddharth Reddy","siddharth.reddy172@example.com","9923010608",36,"Delhi",13,27352,"2026-06-05","deal-hunter, grocery"
"Kabir Patel","kabir.patel173@example.com","9709024301",21,"Ahmedabad",34,58718,"2026-04-25","churn-risk, inactive, loyal"
"Lalit Deshmukh","lalit.deshmukh174@example.com","9310847058",32,"Jaipur",32,43296,"2026-04-29","frequent, inactive"
"Aditya Sharma","aditya.sharma175@example.com","9473691740",39,"Surat",13,15119,"2026-05-12","churn-risk, electronics"
"Siddharth Verma","siddharth.verma176@example.com","9344674259",48,"Chandigarh",27,53109,"2026-04-23","grocery, deal-hunter"
"Shreya Deshmukh","shreya.deshmukh177@example.com","9850186493",31,"Mumbai",42,81354,"2026-02-21","frequent, inactive"
"Ananya Menon","ananya.menon178@example.com","9761496820",40,"Pune",37,33152,"2026-05-12","grocery, vip"
"Sai Reddy","sai.reddy179@example.com","9851820452",50,"Hyderabad",4,7904,"2026-05-20","vip, deal-hunter"
"Priya Sharma","priya.sharma180@example.com","9543040722",19,"Hyderabad",2,3608,"2026-06-08","deal-hunter"
"Shreya Singh","shreya.singh181@example.com","9875348437",29,"Pune",30,16860,"2026-04-19","apparel, vip"
"Deepika Deshmukh","deepika.deshmukh182@example.com","9709147982",19,"Kolkata",7,11739,"2026-03-11","inactive, loyal"
"Diya Sharma","diya.sharma183@example.com","9275265227",51,"Bangalore",25,43700,"2026-04-11","frequent"
"Shreya Rao","shreya.rao184@example.com","9306932785",53,"Mumbai",3,6897,"2026-06-09","frequent"
"Tanvi Bhat","tanvi.bhat185@example.com","9119428219",29,"Hyderabad",0,0,"2026-04-26","churn-risk, electronics"
"Diya Kumar","diya.kumar186@example.com","9572651234",37,"Pune",14,34454,"2026-03-27","loyal, electronics"
"Neha Desai","neha.desai187@example.com","9111424211",44,"Kolkata",36,52488,"2026-04-04","deal-hunter, inactive, young"
"Vihaan Rao","vihaan.rao188@example.com","9779880798",37,"Chennai",49,55125,"2026-06-10","vip"
"Riya Reddy","riya.reddy189@example.com","9173226758",54,"Pune",14,22050,"2026-06-14","vip"
"Arjun Sharma","arjun.sharma190@example.com","9905325839",18,"Ahmedabad",18,14868,"2026-04-24","churn-risk"
"Priya Kapoor","priya.kapoor191@example.com","9474384069",18,"Bangalore",34,18258,"2026-03-09","frequent, apparel"
"Neha Bhat","neha.bhat192@example.com","9596848103",19,"Jaipur",22,32736,"2026-03-16","churn-risk, apparel"
"Sneha Joshi","sneha.joshi193@example.com","9325486301",35,"Ahmedabad",31,41571,"2026-05-06","electronics, inactive, frequent"
"Rohan Sharma","rohan.sharma194@example.com","9486538207",32,"Chennai",17,30413,"2026-05-04","vip, apparel, churn-risk"
"Shreya Rao","shreya.rao195@example.com","9856487612",28,"Kolkata",15,27495,"2026-04-28","deal-hunter, vip, frequent"
"Ananya Sharma","ananya.sharma196@example.com","9334886960",56,"Kolkata",44,29744,"2026-06-01","frequent, young, churn-risk"
"Aditya Menon","aditya.menon197@example.com","9553340134",26,"Pune",22,26950,"2026-03-18","vip, loyal"
"Priya Gupta","priya.gupta198@example.com","9197238219",23,"Surat",27,50085,"2026-04-23","vip, churn-risk"
"Sneha Sharma","sneha.sharma199@example.com","9379184539",25,"Chandigarh",39,91065,"2026-03-07","loyal"
"Rohan Verma","rohan.verma200@example.com","9151132132",20,"Hyderabad",5,4645,"2026-03-25","electronics"
"Lalit Kapoor","lalit.kapoor201@example.com","9434968985",48,"Ahmedabad",3,3015,"2026-02-15","frequent"
"Neha Kumar","neha.kumar202@example.com","9147700245",18,"Chennai",18,20844,"2026-05-15","electronics, frequent, grocery"
"Tanvi Deshmukh","tanvi.deshmukh203@example.com","9853733224",55,"Kolkata",2,4030,"2026-05-10","vip, electronics, inactive"
"Siddharth Menon","siddharth.menon204@example.com","9765699820",32,"Mumbai",27,25704,"2026-06-12","electronics, apparel"
"Kabir Patel","kabir.patel205@example.com","9429162417",18,"Kolkata",20,32100,"2026-03-30","deal-hunter, inactive"
"Lalit Rao","lalit.rao206@example.com","9235549014",37,"Mumbai",48,77808,"2026-05-29","loyal, vip, apparel"
"Arjun Gupta","arjun.gupta207@example.com","9627079604",43,"Pune",43,75422,"2026-05-28","churn-risk"
"Kabir Kumar","kabir.kumar208@example.com","9970489212",44,"Kolkata",46,75256,"2026-05-11","frequent"
"Shreya Menon","shreya.menon209@example.com","9818721927",40,"Ahmedabad",21,11970,"2026-05-06","frequent, inactive, electronics"
"Ananya Joshi","ananya.joshi210@example.com","9526523022",45,"Delhi",30,48390,"2026-06-13","apparel, vip, inactive"
"Deepika Bhat","deepika.bhat211@example.com","9808750014",46,"Surat",42,90258,"2026-05-13","young, inactive, deal-hunter"
"Deepika Gupta","deepika.gupta212@example.com","9421480769",40,"Ahmedabad",19,14725,"2026-02-17","deal-hunter"
"Kabir Menon","kabir.menon213@example.com","9959549108",37,"Chennai",15,35910,"2026-03-20","grocery, deal-hunter, young"
"Deepika Verma","deepika.verma214@example.com","9815866495",52,"Chandigarh",16,11568,"2026-02-16","deal-hunter"
"Sai Bhat","sai.bhat215@example.com","9794185535",19,"Hyderabad",19,44954,"2026-03-08","inactive, deal-hunter, churn-risk"
"Sneha Desai","sneha.desai216@example.com","9563709073",42,"Hyderabad",10,13220,"2026-04-26","loyal, vip"
"Lalit Desai","lalit.desai217@example.com","9841488806",50,"Mumbai",17,18989,"2026-03-08","vip, grocery"
"Sai Rao","sai.rao218@example.com","9238679058",29,"Chandigarh",5,7665,"2026-05-22","churn-risk, grocery"
"Neha Desai","neha.desai219@example.com","9775249012",28,"Ahmedabad",9,9459,"2026-04-27","vip, loyal, frequent"
"Aditya Patel","aditya.patel220@example.com","9564498383",39,"Ahmedabad",39,60723,"2026-05-27","grocery"
"Rohan Kumar","rohan.kumar221@example.com","9681610498",31,"Surat",24,47808,"2026-03-14","grocery, frequent, inactive"
"Priya Singh","priya.singh222@example.com","9256713503",31,"Kolkata",5,10575,"2026-05-18","loyal, grocery"
"Sneha Verma","sneha.verma223@example.com","9442237210",42,"Mumbai",21,22869,"2026-03-30","young, deal-hunter"
"Vihaan Kapoor","vihaan.kapoor224@example.com","9920030070",31,"Pune",23,17687,"2026-05-02","inactive, deal-hunter"
"Meera Menon","meera.menon225@example.com","9331664987",42,"Ahmedabad",2,4308,"2026-02-17","churn-risk, young, loyal"
"Aditya Sharma","aditya.sharma226@example.com","9485061841",19,"Chandigarh",0,0,"2026-05-11","loyal, young, grocery"
"Arjun Sharma","arjun.sharma227@example.com","9787628265",44,"Surat",9,6048,"2026-03-16","frequent"
"Siddharth Deshmukh","siddharth.deshmukh228@example.com","9174781782",55,"Ahmedabad",26,52754,"2026-04-09","churn-risk"
"Lalit Desai","lalit.desai229@example.com","9610855864",43,"Hyderabad",13,29211,"2026-03-23","churn-risk, deal-hunter, loyal"
"Riya Verma","riya.verma230@example.com","9523478274",25,"Kolkata",23,20378,"2026-06-12","grocery, inactive"
"Ananya Bhat","ananya.bhat231@example.com","9755457650",56,"Surat",12,26640,"2026-03-09","grocery, vip, deal-hunter"
"Arjun Desai","arjun.desai232@example.com","9271646311",46,"Jaipur",43,29068,"2026-04-03","young, loyal, inactive"
"Kabir Deshmukh","kabir.deshmukh233@example.com","9987449135",50,"Chandigarh",45,52515,"2026-06-04","churn-risk, inactive, frequent"
"Aarav Sharma","aarav.sharma234@example.com","9859192054",20,"Ahmedabad",27,16767,"2026-05-09","churn-risk, young"
"Kabir Menon","kabir.menon235@example.com","9884859556",19,"Bangalore",12,20868,"2026-06-05","inactive"
"Vihaan Menon","vihaan.menon236@example.com","9787326590",38,"Chandigarh",47,46060,"2026-03-29","vip, deal-hunter"
"Neha Singh","neha.singh237@example.com","9133090271",31,"Surat",3,6519,"2026-06-11","loyal"
"Riya Deshmukh","riya.deshmukh238@example.com","9581155129",21,"Delhi",10,9630,"2026-04-25","churn-risk, loyal"
"Priya Kumar","priya.kumar239@example.com","9238481344",32,"Jaipur",14,28882,"2026-05-29","deal-hunter"
"Arjun Kumar","arjun.kumar240@example.com","9442221696",30,"Jaipur",0,0,"2026-03-22","inactive, frequent"
"Siddharth Rao","siddharth.rao241@example.com","9633233165",38,"Surat",47,79148,"2026-03-02","electronics"
"Sai Kumar","sai.kumar242@example.com","9708796825",21,"Ahmedabad",2,4224,"2026-04-25","loyal"
"Rohan Reddy","rohan.reddy243@example.com","9288498146",26,"Mumbai",49,59731,"2026-05-02","grocery, vip"
"Sai Kumar","sai.kumar244@example.com","9460039288",34,"Chennai",19,47082,"2026-02-15","churn-risk"
"Isha Singh","isha.singh245@example.com","9674689826",23,"Hyderabad",11,22363,"2026-05-31","apparel, frequent"
"Diya Rao","diya.rao246@example.com","9284469118",45,"Pune",46,77188,"2026-06-06","apparel, loyal, inactive"
"Meera Joshi","meera.joshi247@example.com","9507432628",44,"Chandigarh",25,52900,"2026-03-11","young"
"Aarav Patel","aarav.patel248@example.com","9378589390",28,"Chandigarh",49,78841,"2026-03-06","churn-risk"
"Lalit Verma","lalit.verma249@example.com","9382973253",21,"Kolkata",1,2089,"2026-03-16","vip, grocery"
"Neha Bhat","neha.bhat250@example.com","9865656799",47,"Ahmedabad",11,25036,"2026-04-08","churn-risk"
"Kabir Kapoor","kabir.kapoor251@example.com","9539839454",36,"Delhi",17,32691,"2026-05-17","loyal"
"Neha Singh","neha.singh252@example.com","9666209756",50,"Jaipur",19,35853,"2026-03-21","deal-hunter"
"Deepika Singh","deepika.singh253@example.com","9258347599",34,"Hyderabad",5,4630,"2026-03-25","vip, young, grocery"
"Arjun Reddy","arjun.reddy254@example.com","9251115380",44,"Bangalore",27,65475,"2026-05-07","young, apparel"
"Aditya Kumar","aditya.kumar255@example.com","9711633938",50,"Chandigarh",19,14421,"2026-04-19","young, vip"
"Deepika Deshmukh","deepika.deshmukh256@example.com","9325711576",29,"Mumbai",25,55050,"2026-05-01","vip"
"Riya Sharma","riya.sharma257@example.com","9433195043",24,"Chennai",17,17323,"2026-02-25","vip, frequent"
"Sneha Singh","sneha.singh258@example.com","9695230799",43,"Delhi",1,1520,"2026-05-25","grocery"
"Deepika Sharma","deepika.sharma259@example.com","9239404574",33,"Kolkata",45,76860,"2026-03-17","loyal"
"Sai Gupta","sai.gupta260@example.com","9221969085",28,"Jaipur",18,11952,"2026-04-02","inactive"
"Vihaan Reddy","vihaan.reddy261@example.com","9100121063",44,"Chennai",15,28200,"2026-04-11","young, grocery"
"Kabir Singh","kabir.singh262@example.com","9269582888",38,"Surat",17,22644,"2026-05-18","apparel, inactive"
"Priya Kumar","priya.kumar263@example.com","9851843822",49,"Hyderabad",8,8912,"2026-03-04","deal-hunter, apparel, churn-risk"
"Shreya Bhat","shreya.bhat264@example.com","9305633492",52,"Surat",22,16962,"2026-03-02","inactive, vip"
"Kabir Sharma","kabir.sharma265@example.com","9345908901",55,"Bangalore",31,48577,"2026-03-02","apparel, inactive"
"Diya Singh","diya.singh266@example.com","9259333668",57,"Delhi",29,71775,"2026-05-23","churn-risk"
"Tanvi Reddy","tanvi.reddy267@example.com","9557160425",40,"Bangalore",8,6856,"2026-03-05","apparel, loyal"
"Riya Singh","riya.singh268@example.com","9823853009",56,"Ahmedabad",31,63953,"2026-04-18","loyal, frequent, apparel"
"Sneha Kumar","sneha.kumar269@example.com","9708901075",23,"Chandigarh",13,29601,"2026-05-24","loyal, grocery"
"Rohan Singh","rohan.singh270@example.com","9581888849",27,"Kolkata",14,9142,"2026-06-14","inactive"
"Meera Singh","meera.singh271@example.com","9170949026",28,"Jaipur",14,13538,"2026-05-26","vip"
"Siddharth Gupta","siddharth.gupta272@example.com","9431483412",22,"Kolkata",37,59348,"2026-02-21","vip"
"Lalit Reddy","lalit.reddy273@example.com","9369824426",43,"Kolkata",17,10523,"2026-05-25","grocery, deal-hunter, churn-risk"
"Priya Desai","priya.desai274@example.com","9584284706",48,"Hyderabad",25,16900,"2026-03-04","frequent"
"Priya Patel","priya.patel275@example.com","9523379808",57,"Bangalore",21,31794,"2026-06-08","electronics"
"Siddharth Desai","siddharth.desai276@example.com","9354878694",42,"Hyderabad",32,61440,"2026-03-05","loyal, apparel, vip"
"Riya Menon","riya.menon277@example.com","9215799159",22,"Jaipur",15,33690,"2026-05-13","frequent"
"Sai Bhat","sai.bhat278@example.com","9296501829",46,"Surat",43,96062,"2026-05-10","deal-hunter"
"Ananya Kapoor","ananya.kapoor279@example.com","9772630221",35,"Chandigarh",33,38313,"2026-02-21","vip, loyal, frequent"
"Shreya Desai","shreya.desai280@example.com","9653539372",23,"Chandigarh",30,48480,"2026-05-14","young, inactive"
"Siddharth Joshi","siddharth.joshi281@example.com","9148577049",24,"Pune",39,91650,"2026-02-28","inactive"
"Lalit Singh","lalit.singh282@example.com","9737090018",25,"Hyderabad",7,12047,"2026-03-15","apparel"
"Priya Patel","priya.patel283@example.com","9984918836",39,"Chennai",30,27420,"2026-03-09","young, apparel"
"Tanvi Reddy","tanvi.reddy284@example.com","9316103073",56,"Hyderabad",29,41702,"2026-06-04","inactive, churn-risk"
"Neha Sharma","neha.sharma285@example.com","9864326086",40,"Pune",26,40716,"2026-03-08","electronics"
"Shreya Bhat","shreya.bhat286@example.com","9317487564",24,"Chennai",37,51023,"2026-02-25","grocery"
"Meera Verma","meera.verma287@example.com","9942058286",57,"Delhi",46,74060,"2026-06-07","frequent"
"Neha Kumar","neha.kumar288@example.com","9686635394",45,"Jaipur",36,67248,"2026-04-28","grocery"
"Tanvi Menon","tanvi.menon289@example.com","9939725392",55,"Jaipur",22,25718,"2026-05-12","loyal, apparel"
"Priya Desai","priya.desai290@example.com","9116280798",46,"Hyderabad",27,30132,"2026-05-13","deal-hunter"
"Isha Bhat","isha.bhat291@example.com","9250844694",28,"Ahmedabad",8,13192,"2026-05-01","apparel, vip, churn-risk"
"Siddharth Singh","siddharth.singh292@example.com","9637116023",43,"Chennai",0,0,"2026-04-04","electronics, apparel"
"Tanvi Sharma","tanvi.sharma293@example.com","9120555366",38,"Chennai",44,75856,"2026-02-17","inactive, deal-hunter, frequent"
"Aditya Kapoor","aditya.kapoor294@example.com","9660106019",50,"Pune",32,56704,"2026-03-26","apparel, frequent"
"Aarav Desai","aarav.desai295@example.com","9176077825",47,"Pune",33,60060,"2026-04-05","electronics"
"Meera Singh","meera.singh296@example.com","9486383450",25,"Hyderabad",40,32880,"2026-05-16","inactive"
"Lalit Patel","lalit.patel297@example.com","9893398410",52,"Kolkata",23,26381,"2026-04-09","vip, electronics, apparel"
"Priya Verma","priya.verma298@example.com","9460037061",34,"Kolkata",11,9812,"2026-03-17","churn-risk"
"Ananya Reddy","ananya.reddy299@example.com","9136880494",57,"Delhi",26,22438,"2026-02-27","young, grocery"
"Riya Kumar","riya.kumar300@example.com","9397557918",28,"Mumbai",19,19057,"2026-06-09","grocery, inactive, loyal"
"Siddharth Deshmukh","siddharth.deshmukh301@example.com","9416705886",39,"Hyderabad",24,27288,"2026-03-04","electronics, churn-risk"
"Priya Bhat","priya.bhat302@example.com","9805151104",46,"Surat",20,13060,"2026-05-07","churn-risk, loyal"
"Sai Gupta","sai.gupta303@example.com","9327035822",48,"Jaipur",37,83731,"2026-04-11","inactive, frequent, vip"
"Ananya Joshi","ananya.joshi304@example.com","9182158939",41,"Chandigarh",18,15426,"2026-05-16","inactive, churn-risk, apparel"
"Meera Gupta","meera.gupta305@example.com","9931443621",51,"Ahmedabad",33,42009,"2026-03-16","apparel, frequent"
"Lalit Desai","lalit.desai306@example.com","9455702338",31,"Chennai",1,1222,"2026-02-26","churn-risk, deal-hunter"
"Deepika Verma","deepika.verma307@example.com","9299558136",46,"Chandigarh",3,6012,"2026-05-23","apparel, churn-risk"
"Arjun Menon","arjun.menon308@example.com","9873140324",45,"Bangalore",25,39825,"2026-05-27","apparel, churn-risk, frequent"
"Isha Gupta","isha.gupta309@example.com","9781424262",37,"Jaipur",3,4929,"2026-03-09","loyal, grocery"
"Sneha Kumar","sneha.kumar310@example.com","9578316232",22,"Delhi",34,27642,"2026-05-20","deal-hunter"
"Rohan Menon","rohan.menon311@example.com","9866447383",25,"Ahmedabad",48,87456,"2026-03-04","loyal"
"Meera Menon","meera.menon312@example.com","9444087079",20,"Ahmedabad",7,15743,"2026-06-09","churn-risk, frequent, vip"
"Aarav Kapoor","aarav.kapoor313@example.com","9270327733",54,"Surat",37,75702,"2026-03-27","grocery, deal-hunter, churn-risk"
"Meera Patel","meera.patel314@example.com","9530014966",36,"Jaipur",24,24528,"2026-06-07","churn-risk, inactive"
"Ananya Reddy","ananya.reddy315@example.com","9816298062",21,"Bangalore",24,30912,"2026-02-18","deal-hunter, grocery"
"Tanvi Gupta","tanvi.gupta316@example.com","9253836764",23,"Bangalore",27,21897,"2026-04-09","apparel, young"
"Ananya Desai","ananya.desai317@example.com","9450820342",54,"Chandigarh",48,97200,"2026-04-04","inactive, electronics"
"Tanvi Desai","tanvi.desai318@example.com","9790826281",28,"Kolkata",16,8864,"2026-03-01","grocery, inactive, frequent"
"Deepika Deshmukh","deepika.deshmukh319@example.com","9733044418",29,"Surat",25,23175,"2026-05-29","electronics, churn-risk"
"Sai Desai","sai.desai320@example.com","9786892212",56,"Chennai",0,0,"2026-04-17","electronics, deal-hunter"
"Arjun Verma","arjun.verma321@example.com","9454904234",33,"Bangalore",3,4194,"2026-04-19","electronics, inactive"
"Vihaan Singh","vihaan.singh322@example.com","9106598145",37,"Bangalore",36,27216,"2026-02-19","inactive, frequent"
"Priya Sharma","priya.sharma323@example.com","9321850719",54,"Bangalore",32,69344,"2026-04-18","apparel, inactive"
"Lalit Deshmukh","lalit.deshmukh324@example.com","9387085786",32,"Jaipur",6,14622,"2026-05-13","loyal, electronics"
"Ananya Kapoor","ananya.kapoor325@example.com","9614106120",28,"Jaipur",49,111181,"2026-02-21","grocery"
"Aditya Deshmukh","aditya.deshmukh326@example.com","9121762799",26,"Bangalore",20,25920,"2026-04-02","frequent, loyal, grocery"
"Shreya Kumar","shreya.kumar327@example.com","9208915490",24,"Bangalore",42,53130,"2026-04-03","apparel, frequent"
"Siddharth Kumar","siddharth.kumar328@example.com","9457932318",18,"Mumbai",30,19380,"2026-04-13","loyal, young"
"Siddharth Kumar","siddharth.kumar329@example.com","9982508838",52,"Bangalore",5,9875,"2026-02-15","frequent, inactive, deal-hunter"
"Priya Verma","priya.verma330@example.com","9642429713",45,"Surat",6,8454,"2026-03-08","loyal, electronics, inactive"
"Tanvi Deshmukh","tanvi.deshmukh331@example.com","9164085606",28,"Mumbai",19,12559,"2026-03-04","electronics, loyal"
"Aarav Menon","aarav.menon332@example.com","9501425571",26,"Chennai",3,6024,"2026-02-28","apparel, loyal, grocery"
"Lalit Bhat","lalit.bhat333@example.com","9204356822",18,"Jaipur",25,24900,"2026-06-05","electronics"
"Lalit Kapoor","lalit.kapoor334@example.com","9913156787",53,"Pune",37,79439,"2026-02-28","churn-risk, young"
"Sneha Reddy","sneha.reddy335@example.com","9369553527",21,"Ahmedabad",37,72594,"2026-05-29","electronics"
"Priya Kumar","priya.kumar336@example.com","9881784788",45,"Kolkata",46,113666,"2026-03-24","grocery, deal-hunter"
"Lalit Kapoor","lalit.kapoor337@example.com","9739540427",52,"Jaipur",47,28012,"2026-04-02","inactive, deal-hunter"
"Aarav Verma","aarav.verma338@example.com","9509810112",30,"Chandigarh",28,65492,"2026-05-25","deal-hunter"
"Priya Singh","priya.singh339@example.com","9710231230",51,"Kolkata",4,2060,"2026-04-25","vip, inactive"
"Kabir Kapoor","kabir.kapoor340@example.com","9172221106",31,"Hyderabad",8,15936,"2026-04-17","grocery"
"Diya Joshi","diya.joshi341@example.com","9340269875",33,"Ahmedabad",48,68112,"2026-04-17","electronics"
"Sneha Desai","sneha.desai342@example.com","9911728898",33,"Mumbai",0,0,"2026-02-17","grocery"
"Siddharth Bhat","siddharth.bhat343@example.com","9587833852",34,"Jaipur",7,6496,"2026-03-19","vip, young, loyal"
"Deepika Sharma","deepika.sharma344@example.com","9583126718",36,"Jaipur",9,12762,"2026-04-01","grocery, apparel, deal-hunter"
"Sai Patel","sai.patel345@example.com","9454160200",56,"Chennai",1,1194,"2026-04-12","frequent, inactive"
"Vihaan Kumar","vihaan.kumar346@example.com","9307358576",25,"Jaipur",33,53031,"2026-03-02","vip"
"Siddharth Desai","siddharth.desai347@example.com","9859200035",23,"Kolkata",9,6642,"2026-05-12","vip, electronics"
"Sneha Reddy","sneha.reddy348@example.com","9646982363",52,"Bangalore",12,15036,"2026-05-11","young, grocery, deal-hunter"
"Meera Menon","meera.menon349@example.com","9863295605",31,"Chandigarh",36,26676,"2026-03-28","grocery"
"Siddharth Singh","siddharth.singh350@example.com","9227529207",56,"Mumbai",22,29546,"2026-03-07","inactive"
"Diya Gupta","diya.gupta351@example.com","9858786094",57,"Mumbai",11,19756,"2026-02-20","apparel, young, vip"
"Priya Kumar","priya.kumar352@example.com","9887442629",23,"Hyderabad",40,57800,"2026-04-21","loyal"
"Deepika Reddy","deepika.reddy353@example.com","9319388254",46,"Bangalore",22,26356,"2026-03-20","frequent"
"Aditya Menon","aditya.menon354@example.com","9625622452",26,"Jaipur",42,25116,"2026-04-23","young"
"Aarav Singh","aarav.singh355@example.com","9893866240",46,"Pune",42,97146,"2026-04-15","inactive"
"Meera Bhat","meera.bhat356@example.com","9752387891",56,"Chennai",37,37555,"2026-03-23","vip"
"Riya Verma","riya.verma357@example.com","9174666470",18,"Kolkata",20,12460,"2026-04-13","grocery"
"Aditya Deshmukh","aditya.deshmukh358@example.com","9814791112",25,"Pune",48,86448,"2026-05-07","young, deal-hunter"
"Isha Bhat","isha.bhat359@example.com","9482899410",54,"Chennai",25,37900,"2026-05-05","young, deal-hunter, apparel"
"Priya Bhat","priya.bhat360@example.com","9621676987",28,"Surat",1,848,"2026-05-09","loyal, frequent, deal-hunter"
"Shreya Gupta","shreya.gupta361@example.com","9664131648",38,"Mumbai",26,52052,"2026-04-05","churn-risk, inactive"
"Deepika Reddy","deepika.reddy362@example.com","9356453166",25,"Mumbai",47,112048,"2026-05-14","electronics, young"
"Deepika Joshi","deepika.joshi363@example.com","9258853768",54,"Bangalore",4,3196,"2026-03-20","vip"
"Rohan Singh","rohan.singh364@example.com","9350837969",26,"Kolkata",9,12177,"2026-02-18","electronics, loyal"
"Isha Reddy","isha.reddy365@example.com","9237622090",48,"Mumbai",34,38250,"2026-05-05","apparel, churn-risk"
"Aditya Kumar","aditya.kumar366@example.com","9344382858",22,"Bangalore",17,12223,"2026-03-27","inactive"
"Aditya Kapoor","aditya.kapoor367@example.com","9877133977",45,"Hyderabad",47,97243,"2026-04-24","young, vip"
"Sai Gupta","sai.gupta368@example.com","9921146761",40,"Chandigarh",46,114494,"2026-03-20","churn-risk, apparel"
"Riya Singh","riya.singh369@example.com","9888877732",36,"Delhi",3,5262,"2026-05-03","frequent, deal-hunter, churn-risk"
"Siddharth Rao","siddharth.rao370@example.com","9888638883",41,"Pune",20,37180,"2026-03-11","loyal, young"
"Aditya Sharma","aditya.sharma371@example.com","9204757341",44,"Chennai",36,38772,"2026-05-27","frequent"
"Ananya Kapoor","ananya.kapoor372@example.com","9979061101",54,"Chandigarh",10,22160,"2026-04-17","electronics, young"
"Meera Joshi","meera.joshi373@example.com","9530543292",34,"Delhi",18,19044,"2026-02-15","churn-risk, apparel, young"
"Ananya Bhat","ananya.bhat374@example.com","9556882141",54,"Bangalore",9,7569,"2026-02-28","churn-risk, apparel"
"Tanvi Verma","tanvi.verma375@example.com","9487028046",47,"Jaipur",14,22988,"2026-03-25","apparel"
"Kabir Singh","kabir.singh376@example.com","9304106037",22,"Ahmedabad",24,23832,"2026-06-10","loyal, electronics"
"Lalit Patel","lalit.patel377@example.com","9690634806",19,"Chandigarh",31,23963,"2026-06-03","electronics, churn-risk, deal-hunter"
"Riya Deshmukh","riya.deshmukh378@example.com","9915118032",35,"Delhi",5,6665,"2026-04-21","vip, inactive, frequent"
"Deepika Kumar","deepika.kumar379@example.com","9891446186",33,"Ahmedabad",17,42007,"2026-04-19","inactive, young"
"Tanvi Sharma","tanvi.sharma380@example.com","9274595801",23,"Chennai",49,29302,"2026-03-03","frequent, electronics"
"Arjun Singh","arjun.singh381@example.com","9500754692",40,"Delhi",43,104791,"2026-05-14","apparel"
"Ananya Bhat","ananya.bhat382@example.com","9896260240",19,"Ahmedabad",41,83435,"2026-04-28","churn-risk"
"Vihaan Menon","vihaan.menon383@example.com","9168866249",42,"Bangalore",15,25305,"2026-03-21","apparel, young"
"Vihaan Kumar","vihaan.kumar384@example.com","9469836209",30,"Hyderabad",36,80460,"2026-04-05","apparel"
"Shreya Gupta","shreya.gupta385@example.com","9603782059",43,"Kolkata",15,37170,"2026-03-27","electronics, grocery"
"Isha Patel","isha.patel386@example.com","9776771793",48,"Chandigarh",10,12440,"2026-02-19","young"
"Kabir Reddy","kabir.reddy387@example.com","9790549942",36,"Chennai",35,44030,"2026-02-25","vip"
"Priya Joshi","priya.joshi388@example.com","9509346986",22,"Hyderabad",35,42070,"2026-03-25","apparel"
"Aarav Menon","aarav.menon389@example.com","9996873942",36,"Chandigarh",2,1136,"2026-05-11","grocery, churn-risk"
"Kabir Gupta","kabir.gupta390@example.com","9170363795",48,"Ahmedabad",21,39081,"2026-02-17","grocery, deal-hunter, loyal"
"Arjun Joshi","arjun.joshi391@example.com","9703238811",34,"Ahmedabad",31,48484,"2026-03-10","deal-hunter, apparel, churn-risk"
"Riya Deshmukh","riya.deshmukh392@example.com","9493655071",41,"Chandigarh",16,17536,"2026-04-26","young, grocery, vip"
"Meera Gupta","meera.gupta393@example.com","9829449926",57,"Hyderabad",33,23166,"2026-05-28","grocery"
"Ananya Joshi","ananya.joshi394@example.com","9986387053",38,"Hyderabad",5,7520,"2026-03-13","loyal"
"Lalit Gupta","lalit.gupta395@example.com","9805815608",34,"Chennai",25,58550,"2026-05-09","grocery, electronics, churn-risk"
"Rohan Verma","rohan.verma396@example.com","9888388218",42,"Ahmedabad",4,3016,"2026-04-11","young, inactive, deal-hunter"
"Deepika Reddy","deepika.reddy397@example.com","9515643690",39,"Pune",10,21930,"2026-06-02","churn-risk"
"Arjun Patel","arjun.patel398@example.com","9189966445",29,"Ahmedabad",5,3680,"2026-04-21","electronics, grocery"
"Arjun Gupta","arjun.gupta399@example.com","9647756644",26,"Chandigarh",9,11412,"2026-06-05","apparel, deal-hunter, grocery"
"Isha Sharma","isha.sharma400@example.com","9890063918",23,"Hyderabad",11,10241,"2026-03-16","churn-risk, grocery, vip"
"Isha Singh","isha.singh401@example.com","9421188938",22,"Pune",1,661,"2026-03-22","frequent"
"Tanvi Joshi","tanvi.joshi402@example.com","9241248954",29,"Bangalore",44,93368,"2026-02-19","deal-hunter"
"Arjun Patel","arjun.patel403@example.com","9908846408",45,"Chandigarh",3,2835,"2026-02-24","loyal, vip, inactive"
"Tanvi Joshi","tanvi.joshi404@example.com","9375775190",25,"Hyderabad",44,80740,"2026-04-18","vip, churn-risk"
"Meera Menon","meera.menon405@example.com","9686405011",27,"Jaipur",43,31433,"2026-03-23","deal-hunter"
"Ananya Deshmukh","ananya.deshmukh406@example.com","9874979162",37,"Pune",34,68578,"2026-04-02","churn-risk"
"Deepika Patel","deepika.patel407@example.com","9401203136",45,"Mumbai",2,3882,"2026-06-01","deal-hunter, grocery"
"Riya Kumar","riya.kumar408@example.com","9353687926",53,"Surat",45,98730,"2026-05-23","deal-hunter, electronics"
"Meera Verma","meera.verma409@example.com","9761816542",50,"Delhi",44,24376,"2026-05-02","churn-risk"
"Lalit Kapoor","lalit.kapoor410@example.com","9689387835",39,"Mumbai",36,68040,"2026-06-10","inactive"
"Riya Singh","riya.singh411@example.com","9860059945",34,"Pune",3,3237,"2026-03-13","loyal, frequent, deal-hunter"
"Rohan Gupta","rohan.gupta412@example.com","9683193529",46,"Mumbai",33,38412,"2026-06-02","frequent"
"Tanvi Singh","tanvi.singh413@example.com","9477108580",49,"Hyderabad",22,44902,"2026-04-24","frequent"
"Ananya Desai","ananya.desai414@example.com","9632225304",22,"Jaipur",30,36510,"2026-06-12","inactive, frequent, deal-hunter"
"Sneha Joshi","sneha.joshi415@example.com","9762166468",39,"Chandigarh",21,24234,"2026-04-16","grocery, inactive, deal-hunter"
"Kabir Joshi","kabir.joshi416@example.com","9309608296",28,"Chandigarh",45,66960,"2026-02-27","young, deal-hunter"
"Meera Kumar","meera.kumar417@example.com","9911982705",22,"Chandigarh",39,22191,"2026-05-21","grocery, loyal"
"Siddharth Menon","siddharth.menon418@example.com","9399537507",42,"Bangalore",38,52440,"2026-04-13","apparel, frequent"
"Ananya Singh","ananya.singh419@example.com","9379206383",41,"Chandigarh",17,15300,"2026-05-07","inactive"
"Ananya Deshmukh","ananya.deshmukh420@example.com","9118288340",22,"Pune",4,6980,"2026-04-24","grocery, vip"
"Neha Patel","neha.patel421@example.com","9961755396",56,"Chandigarh",11,10329,"2026-05-27","grocery"
"Sneha Kumar","sneha.kumar422@example.com","9359376554",38,"Ahmedabad",48,95568,"2026-03-13","vip"
"Shreya Sharma","shreya.sharma423@example.com","9380810931",33,"Chandigarh",21,25557,"2026-05-25","deal-hunter, electronics"
"Vihaan Desai","vihaan.desai424@example.com","9586028076",47,"Hyderabad",32,29472,"2026-05-16","young, vip, electronics"
"Sai Reddy","sai.reddy425@example.com","9337368311",31,"Kolkata",22,45342,"2026-06-03","inactive, churn-risk"
"Aditya Rao","aditya.rao426@example.com","9527667476",27,"Chennai",30,74430,"2026-04-12","apparel"
"Ananya Bhat","ananya.bhat427@example.com","9739327591",19,"Surat",15,19740,"2026-05-14","electronics, frequent"
"Aditya Patel","aditya.patel428@example.com","9962415705",27,"Kolkata",4,6260,"2026-04-26","churn-risk"
"Ananya Singh","ananya.singh429@example.com","9629649242",47,"Hyderabad",3,6243,"2026-03-05","loyal, apparel, inactive"
"Sai Reddy","sai.reddy430@example.com","9867166668",53,"Pune",36,84384,"2026-04-27","deal-hunter"
"Aarav Reddy","aarav.reddy431@example.com","9643502866",18,"Jaipur",30,16800,"2026-02-24","frequent"
"Isha Sharma","isha.sharma432@example.com","9491558308",29,"Pune",2,1446,"2026-03-04","inactive, churn-risk"
"Isha Verma","isha.verma433@example.com","9287517826",52,"Bangalore",25,50325,"2026-02-25","frequent, inactive"
"Sai Deshmukh","sai.deshmukh434@example.com","9331071399",18,"Hyderabad",32,29024,"2026-05-26","churn-risk, inactive"
"Riya Rao","riya.rao435@example.com","9580300769",50,"Bangalore",39,73476,"2026-06-05","vip"
"Rohan Singh","rohan.singh436@example.com","9484515262",44,"Chennai",47,39104,"2026-06-13","deal-hunter, inactive"
"Diya Desai","diya.desai437@example.com","9523123043",20,"Chandigarh",1,1083,"2026-05-17","churn-risk"
"Arjun Reddy","arjun.reddy438@example.com","9392211766",35,"Chandigarh",1,1230,"2026-05-06","frequent, inactive"
"Ananya Deshmukh","ananya.deshmukh439@example.com","9586703252",43,"Delhi",12,12888,"2026-06-03","deal-hunter"
"Aarav Verma","aarav.verma440@example.com","9584144823",47,"Ahmedabad",28,24248,"2026-04-29","deal-hunter, churn-risk"
"Aarav Kumar","aarav.kumar441@example.com","9216238680",45,"Hyderabad",29,71369,"2026-05-16","frequent"
"Sai Desai","sai.desai442@example.com","9771894773",41,"Chandigarh",2,4722,"2026-05-04","frequent, loyal"
"Sai Deshmukh","sai.deshmukh443@example.com","9277326837",49,"Bangalore",26,23270,"2026-04-06","young, loyal, vip"
"Meera Reddy","meera.reddy444@example.com","9623844158",56,"Chandigarh",37,90317,"2026-03-17","apparel, electronics"
"Aditya Joshi","aditya.joshi445@example.com","9704819059",48,"Ahmedabad",21,21273,"2026-02-19","apparel, churn-risk, frequent"
"Shreya Desai","shreya.desai446@example.com","9940036381",56,"Chennai",21,48510,"2026-04-07","young"
"Tanvi Singh","tanvi.singh447@example.com","9344246627",41,"Pune",13,23816,"2026-03-16","frequent, young"
"Kabir Sharma","kabir.sharma448@example.com","9332318045",38,"Hyderabad",5,11025,"2026-03-23","loyal"
"Arjun Kapoor","arjun.kapoor449@example.com","9838250040",20,"Pune",26,26364,"2026-03-20","vip, loyal"
"Meera Bhat","meera.bhat450@example.com","9202725532",41,"Chandigarh",15,10185,"2026-03-11","churn-risk, young, inactive"
"Aditya Joshi","aditya.joshi451@example.com","9440687738",48,"Jaipur",2,4924,"2026-05-20","deal-hunter"
"Diya Patel","diya.patel452@example.com","9187586296",29,"Hyderabad",34,77350,"2026-05-05","loyal, vip"
"Vihaan Reddy","vihaan.reddy453@example.com","9223023305",44,"Mumbai",39,26364,"2026-05-16","young, grocery"
"Diya Patel","diya.patel454@example.com","9394140401",45,"Surat",15,23715,"2026-05-31","grocery, deal-hunter"
"Siddharth Joshi","siddharth.joshi455@example.com","9635510475",37,"Surat",25,49925,"2026-03-29","frequent, inactive"
"Rohan Rao","rohan.rao456@example.com","9294472589",30,"Kolkata",12,21696,"2026-03-30","young, loyal"
"Riya Patel","riya.patel457@example.com","9379207973",48,"Mumbai",14,22708,"2026-04-10","deal-hunter"
"Neha Kumar","neha.kumar458@example.com","9529427328",37,"Surat",31,16988,"2026-05-16","vip"
"Neha Kapoor","neha.kapoor459@example.com","9792806820",50,"Chandigarh",14,32368,"2026-02-23","young"
"Neha Kumar","neha.kumar460@example.com","9253736888",35,"Delhi",39,65871,"2026-05-06","electronics"
"Arjun Desai","arjun.desai461@example.com","9457033644",53,"Mumbai",6,8724,"2026-06-10","apparel, frequent, vip"
"Meera Patel","meera.patel462@example.com","9618581750",32,"Jaipur",33,65010,"2026-02-15","grocery"
"Kabir Sharma","kabir.sharma463@example.com","9728728237",53,"Chandigarh",31,32085,"2026-02-24","young, electronics"
"Tanvi Patel","tanvi.patel464@example.com","9870311350",19,"Hyderabad",44,83424,"2026-04-02","inactive, deal-hunter, young"
"Priya Gupta","priya.gupta465@example.com","9210023030",57,"Jaipur",23,40549,"2026-06-01","deal-hunter, frequent, apparel"
"Isha Gupta","isha.gupta466@example.com","9846353844",36,"Surat",49,61544,"2026-02-21","deal-hunter"
"Aditya Verma","aditya.verma467@example.com","9799333184",29,"Chandigarh",43,88064,"2026-03-23","churn-risk, electronics, young"
"Vihaan Gupta","vihaan.gupta468@example.com","9360137694",41,"Hyderabad",40,46680,"2026-03-24","deal-hunter"
"Sneha Bhat","sneha.bhat469@example.com","9819346875",54,"Chandigarh",37,45769,"2026-06-01","inactive, young"
"Priya Bhat","priya.bhat470@example.com","9772015216",50,"Ahmedabad",32,69536,"2026-02-17","young, inactive"
"Sai Gupta","sai.gupta471@example.com","9873345412",53,"Hyderabad",47,86527,"2026-06-01","loyal, grocery, vip"
"Neha Deshmukh","neha.deshmukh472@example.com","9788006944",43,"Ahmedabad",10,23290,"2026-02-20","loyal"
"Isha Kapoor","isha.kapoor473@example.com","9525888362",22,"Ahmedabad",8,16280,"2026-04-17","vip"
"Aarav Kapoor","aarav.kapoor474@example.com","9904176941",26,"Pune",49,111230,"2026-05-12","grocery"
"Aarav Deshmukh","aarav.deshmukh475@example.com","9515375221",50,"Hyderabad",39,36036,"2026-03-18","young, electronics, loyal"
"Diya Menon","diya.menon476@example.com","9330243586",52,"Chennai",41,99712,"2026-05-12","grocery, frequent"
"Riya Bhat","riya.bhat477@example.com","9787888415",26,"Mumbai",33,78309,"2026-03-19","young"
"Aditya Verma","aditya.verma478@example.com","9186451071",35,"Surat",20,45720,"2026-02-28","apparel"
"Kabir Reddy","kabir.reddy479@example.com","9692732733",47,"Chennai",11,14377,"2026-03-10","loyal, apparel, deal-hunter"
"Aarav Verma","aarav.verma480@example.com","9847770229",42,"Delhi",12,28848,"2026-02-21","loyal"
"Isha Menon","isha.menon481@example.com","9883074315",41,"Jaipur",21,37191,"2026-02-17","electronics, vip"
"Meera Reddy","meera.reddy482@example.com","9343310864",25,"Surat",0,0,"2026-04-12","grocery, deal-hunter, churn-risk"
"Priya Bhat","priya.bhat483@example.com","9469355535",40,"Bangalore",37,58053,"2026-06-05","deal-hunter"
"Aditya Reddy","aditya.reddy484@example.com","9680887806",48,"Pune",7,8911,"2026-03-16","inactive"
"Siddharth Desai","siddharth.desai485@example.com","9521510823",42,"Chandigarh",2,2470,"2026-02-26","grocery"
"Shreya Kumar","shreya.kumar486@example.com","9794012698",24,"Chandigarh",1,1883,"2026-02-26","grocery, apparel"
"Priya Rao","priya.rao487@example.com","9711868150",27,"Ahmedabad",30,59190,"2026-04-24","deal-hunter, frequent, young"
"Sai Deshmukh","sai.deshmukh488@example.com","9472585948",19,"Kolkata",16,21104,"2026-04-23","vip, deal-hunter"
"Lalit Desai","lalit.desai489@example.com","9644660713",36,"Chandigarh",1,2131,"2026-04-08","loyal"
"Siddharth Joshi","siddharth.joshi490@example.com","9627576722",45,"Chandigarh",28,62692,"2026-04-09","grocery, young, frequent"
"Lalit Menon","lalit.menon491@example.com","9434861615",23,"Mumbai",29,15921,"2026-05-16","electronics"
"Sai Desai","sai.desai492@example.com","9621841804",50,"Delhi",33,47421,"2026-04-04","electronics"
"Vihaan Desai","vihaan.desai493@example.com","9321262469",46,"Delhi",41,92373,"2026-06-09","apparel"
"Siddharth Joshi","siddharth.joshi494@example.com","9216423083",57,"Delhi",49,42581,"2026-02-24","loyal"
"Deepika Kumar","deepika.kumar495@example.com","9218656304",54,"Ahmedabad",7,8603,"2026-05-15","loyal, electronics"
"Sai Rao","sai.rao496@example.com","9995259176",47,"Chandigarh",0,0,"2026-05-26","frequent, electronics"
"Lalit Gupta","lalit.gupta497@example.com","9972477788",29,"Bangalore",29,68005,"2026-03-22","grocery"
"Isha Sharma","isha.sharma498@example.com","9502200240",39,"Chennai",13,19552,"2026-05-06","vip"
"Aarav Singh","aarav.singh499@example.com","9276228370",57,"Chennai",26,52702,"2026-05-31","inactive"
"Vihaan Reddy","vihaan.reddy500@example.com","9967675151",24,"Surat",27,45819,"2026-05-16","inactive"
"Rohan Desai","rohan.desai501@example.com","9866738535",51,"Pune",34,69122,"2026-02-27","deal-hunter, frequent"
"Sai Gupta","sai.gupta502@example.com","9874126144",26,"Chennai",26,41782,"2026-03-21","apparel, loyal, vip"
"Riya Deshmukh","riya.deshmukh503@example.com","9323405954",32,"Ahmedabad",49,77469,"2026-04-03","frequent"
"Sneha Verma","sneha.verma504@example.com","9943962574",18,"Pune",39,56121,"2026-05-31","inactive, grocery"
"Kabir Gupta","kabir.gupta505@example.com","9595208046",43,"Bangalore",12,28212,"2026-03-07","vip, grocery"
"Meera Sharma","meera.sharma506@example.com","9646618747",36,"Hyderabad",27,57402,"2026-04-12","electronics, inactive"
"Kabir Reddy","kabir.reddy507@example.com","9871414552",28,"Pune",23,11684,"2026-05-22","grocery, apparel"
"Vihaan Menon","vihaan.menon508@example.com","9647460905",45,"Chennai",36,30168,"2026-04-09","inactive"
"Lalit Patel","lalit.patel509@example.com","9629588047",38,"Mumbai",4,6312,"2026-05-19","apparel, grocery"
"Shreya Gupta","shreya.gupta510@example.com","9413930352",26,"Bangalore",25,49250,"2026-03-02","vip, young"
"Rohan Bhat","rohan.bhat511@example.com","9520238846",32,"Hyderabad",28,41216,"2026-04-20","young"
"Sai Kumar","sai.kumar512@example.com","9863726268",34,"Kolkata",1,1196,"2026-02-25","inactive, young"
"Sneha Rao","sneha.rao513@example.com","9796242295",57,"Ahmedabad",17,31280,"2026-02-25","churn-risk"
"Siddharth Rao","siddharth.rao514@example.com","9332840478",25,"Surat",31,75485,"2026-03-25","loyal, deal-hunter"
"Rohan Menon","rohan.menon515@example.com","9105620050",36,"Hyderabad",27,55539,"2026-04-08","churn-risk, apparel, deal-hunter"
"Deepika Reddy","deepika.reddy516@example.com","9897001288",21,"Ahmedabad",44,77836,"2026-05-10","churn-risk"
"Tanvi Singh","tanvi.singh517@example.com","9359901386",33,"Ahmedabad",38,49362,"2026-06-04","loyal"
"Isha Joshi","isha.joshi518@example.com","9329465070",43,"Surat",20,22920,"2026-03-13","apparel"
"Aarav Gupta","aarav.gupta519@example.com","9936682995",48,"Mumbai",34,33218,"2026-04-29","churn-risk, young, vip"
"Tanvi Desai","tanvi.desai520@example.com","9424429405",44,"Kolkata",39,81159,"2026-05-27","frequent, churn-risk"
"Isha Kapoor","isha.kapoor521@example.com","9306326189",31,"Ahmedabad",41,26978,"2026-02-24","vip, electronics"
"Diya Gupta","diya.gupta522@example.com","9571396377",29,"Mumbai",3,2190,"2026-03-02","loyal"
"Siddharth Kapoor","siddharth.kapoor523@example.com","9726958009",34,"Chennai",24,56688,"2026-05-09","vip, frequent"
"Lalit Reddy","lalit.reddy524@example.com","9476607335",31,"Jaipur",10,11700,"2026-03-14","apparel"
"Sneha Deshmukh","sneha.deshmukh525@example.com","9961066751",20,"Surat",35,78995,"2026-03-06","churn-risk, vip, frequent"
"Shreya Verma","shreya.verma526@example.com","9280272415",42,"Jaipur",27,53649,"2026-03-06","loyal"
"Neha Kapoor","neha.kapoor527@example.com","9193832498",27,"Chennai",17,20757,"2026-05-03","loyal, deal-hunter"
"Neha Singh","neha.singh528@example.com","9561311237",57,"Ahmedabad",28,63756,"2026-06-09","churn-risk, young"
"Vihaan Joshi","vihaan.joshi529@example.com","9307437819",21,"Kolkata",40,89920,"2026-05-25","electronics"
"Aditya Singh","aditya.singh530@example.com","9540404269",38,"Chennai",25,58725,"2026-04-06","grocery"
"Siddharth Patel","siddharth.patel531@example.com","9802506333",29,"Pune",6,8748,"2026-04-11","churn-risk"
"Shreya Deshmukh","shreya.deshmukh532@example.com","9351939495",24,"Hyderabad",24,57672,"2026-06-09","grocery, young"
"Siddharth Patel","siddharth.patel533@example.com","9835110724",27,"Jaipur",28,42840,"2026-05-12","deal-hunter, grocery, young"
"Vihaan Deshmukh","vihaan.deshmukh534@example.com","9288266478",54,"Mumbai",15,18870,"2026-02-22","frequent, grocery"
"Rohan Patel","rohan.patel535@example.com","9855574586",23,"Kolkata",12,8436,"2026-03-31","loyal, deal-hunter"
"Meera Deshmukh","meera.deshmukh536@example.com","9830680378",36,"Jaipur",28,37436,"2026-05-20","loyal"
"Sneha Joshi","sneha.joshi537@example.com","9477316645",18,"Ahmedabad",20,36040,"2026-05-24","frequent, inactive"
"Ananya Kapoor","ananya.kapoor538@example.com","9855127455",29,"Kolkata",29,53795,"2026-05-20","young, grocery"
"Sneha Patel","sneha.patel539@example.com","9331428892",20,"Chandigarh",16,20624,"2026-06-11","frequent, apparel"
"Sai Sharma","sai.sharma540@example.com","9536061560",48,"Surat",16,14608,"2026-04-29","apparel, churn-risk"
"Riya Menon","riya.menon541@example.com","9660126758",50,"Kolkata",42,47628,"2026-06-12","grocery"
"Deepika Kumar","deepika.kumar542@example.com","9865854256",38,"Kolkata",0,0,"2026-04-19","electronics, churn-risk"
"Arjun Verma","arjun.verma543@example.com","9441101995",43,"Chennai",35,25235,"2026-05-30","loyal, frequent"
"Isha Gupta","isha.gupta544@example.com","9133738836",40,"Kolkata",28,49420,"2026-05-23","inactive"
"Meera Patel","meera.patel545@example.com","9580382133",45,"Surat",4,5372,"2026-05-22","loyal"
"Neha Gupta","neha.gupta546@example.com","9458187733",20,"Ahmedabad",21,44835,"2026-03-14","electronics, young"
"Deepika Desai","deepika.desai547@example.com","9887202033",45,"Ahmedabad",40,46360,"2026-06-11","loyal, electronics, churn-risk"
"Diya Desai","diya.desai548@example.com","9897270021",35,"Pune",36,35100,"2026-03-26","frequent"
"Ananya Sharma","ananya.sharma549@example.com","9416838538",21,"Mumbai",17,16116,"2026-05-08","frequent"
"Neha Kapoor","neha.kapoor550@example.com","9404460904",42,"Pune",41,83927,"2026-05-02","young, deal-hunter, grocery"
"Siddharth Deshmukh","siddharth.deshmukh551@example.com","9905225460",28,"Pune",28,25872,"2026-05-19","loyal"
"Isha Menon","isha.menon552@example.com","9167621749",46,"Delhi",48,93264,"2026-05-17","electronics, deal-hunter"
"Neha Rao","neha.rao553@example.com","9849800356",32,"Pune",28,61460,"2026-05-11","vip"
"Siddharth Menon","siddharth.menon554@example.com","9920714472",42,"Jaipur",4,7064,"2026-04-20","loyal"
"Meera Verma","meera.verma555@example.com","9316380652",30,"Jaipur",0,0,"2026-02-24","vip"
"Ananya Rao","ananya.rao556@example.com","9560938419",26,"Hyderabad",45,65475,"2026-05-29","loyal, inactive"
"Siddharth Deshmukh","siddharth.deshmukh557@example.com","9974101703",47,"Ahmedabad",33,55737,"2026-03-26","frequent, loyal"
"Siddharth Bhat","siddharth.bhat558@example.com","9570970592",29,"Jaipur",21,30828,"2026-05-14","inactive, electronics"
"Tanvi Kumar","tanvi.kumar559@example.com","9392320285",56,"Bangalore",42,25200,"2026-03-29","inactive, churn-risk, frequent"
"Isha Singh","isha.singh560@example.com","9270144807",53,"Pune",26,18564,"2026-04-24","apparel"
"Aditya Desai","aditya.desai561@example.com","9297932937",29,"Hyderabad",36,48204,"2026-05-21","electronics"
"Siddharth Rao","siddharth.rao562@example.com","9189345223",26,"Ahmedabad",48,57408,"2026-04-27","frequent, apparel, inactive"
"Rohan Verma","rohan.verma563@example.com","9449531245",28,"Delhi",8,16792,"2026-04-28","deal-hunter, vip"
"Ananya Verma","ananya.verma564@example.com","9100754455",38,"Chandigarh",21,48888,"2026-03-26","deal-hunter"
"Shreya Desai","shreya.desai565@example.com","9401675678",36,"Kolkata",18,23328,"2026-03-28","churn-risk"
"Deepika Desai","deepika.desai566@example.com","9128218600",42,"Mumbai",45,93780,"2026-06-11","young"
"Priya Gupta","priya.gupta567@example.com","9426975508",45,"Chennai",7,9835,"2026-05-09","deal-hunter, grocery, apparel"
"Sneha Sharma","sneha.sharma568@example.com","9238195554",47,"Bangalore",40,53880,"2026-06-14","apparel"
"Neha Deshmukh","neha.deshmukh569@example.com","9470845455",28,"Hyderabad",46,74658,"2026-06-02","apparel, young, vip"
"Tanvi Desai","tanvi.desai570@example.com","9543206829",38,"Ahmedabad",17,16201,"2026-03-28","deal-hunter"
"Riya Sharma","riya.sharma571@example.com","9295356283",57,"Kolkata",25,38050,"2026-03-07","deal-hunter"
"Tanvi Singh","tanvi.singh572@example.com","9366947551",44,"Hyderabad",10,18240,"2026-02-19","electronics"
"Sai Singh","sai.singh573@example.com","9412724036",31,"Kolkata",26,51948,"2026-05-05","young"
"Sneha Sharma","sneha.sharma574@example.com","9122532248",41,"Pune",43,56287,"2026-03-26","frequent, loyal, apparel"
"Siddharth Kapoor","siddharth.kapoor575@example.com","9942866703",26,"Surat",7,10311,"2026-03-06","frequent, apparel, churn-risk"
"Aarav Kapoor","aarav.kapoor576@example.com","9129487315",33,"Jaipur",41,61254,"2026-05-22","loyal, churn-risk, grocery"
"Tanvi Kumar","tanvi.kumar577@example.com","9675093129",25,"Ahmedabad",16,32224,"2026-04-15","inactive"
"Isha Sharma","isha.sharma578@example.com","9462189293",50,"Ahmedabad",43,57319,"2026-02-23","electronics"
"Tanvi Gupta","tanvi.gupta579@example.com","9653594340",39,"Hyderabad",41,20746,"2026-03-25","inactive, deal-hunter"
"Rohan Desai","rohan.desai580@example.com","9228844728",49,"Surat",36,23508,"2026-05-18","electronics, loyal, vip"
"Aditya Sharma","aditya.sharma581@example.com","9883773333",18,"Jaipur",19,38323,"2026-06-06","loyal, churn-risk"
"Neha Reddy","neha.reddy582@example.com","9871965314",52,"Jaipur",2,4058,"2026-04-08","inactive"
"Lalit Joshi","lalit.joshi583@example.com","9711352126",27,"Chandigarh",48,114672,"2026-04-06","apparel, grocery"
"Lalit Kumar","lalit.kumar584@example.com","9887979484",44,"Bangalore",28,47264,"2026-05-31","churn-risk, loyal, deal-hunter"
"Priya Singh","priya.singh585@example.com","9198025506",40,"Pune",11,15070,"2026-04-29","loyal"
"Kabir Deshmukh","kabir.deshmukh586@example.com","9153252550",32,"Ahmedabad",38,76608,"2026-04-20","inactive"
"Rohan Gupta","rohan.gupta587@example.com","9575832947",50,"Chennai",30,53250,"2026-04-06","frequent"
"Neha Bhat","neha.bhat588@example.com","9556817632",45,"Mumbai",24,15840,"2026-04-24","loyal, apparel"
"Arjun Sharma","arjun.sharma589@example.com","9122673374",25,"Surat",28,30324,"2026-04-29","vip, young"
"Neha Desai","neha.desai590@example.com","9376500928",51,"Kolkata",15,32520,"2026-05-17","inactive"
"Isha Verma","isha.verma591@example.com","9145869843",37,"Bangalore",3,4950,"2026-05-22","deal-hunter, young, electronics"
"Aarav Kumar","aarav.kumar592@example.com","9192670344",23,"Jaipur",17,39627,"2026-05-22","deal-hunter"
"Lalit Patel","lalit.patel593@example.com","9464679315",33,"Chandigarh",43,80152,"2026-06-07","inactive, deal-hunter, grocery"
"Aarav Joshi","aarav.joshi594@example.com","9927154994",57,"Bangalore",38,82878,"2026-03-20","frequent, apparel, churn-risk"
"Lalit Rao","lalit.rao595@example.com","9879939774",37,"Kolkata",37,27158,"2026-04-21","frequent, apparel, electronics"
"Lalit Desai","lalit.desai596@example.com","9453314107",24,"Bangalore",3,6825,"2026-05-09","apparel, grocery, electronics"
"Kabir Menon","kabir.menon597@example.com","9396763769",25,"Bangalore",33,29469,"2026-05-12","churn-risk, inactive, loyal"
"Sneha Deshmukh","sneha.deshmukh598@example.com","9434386862",34,"Hyderabad",10,21490,"2026-02-22","electronics"
"Siddharth Desai","siddharth.desai599@example.com","9853436075",27,"Surat",46,105294,"2026-04-24","deal-hunter, electronics"